{
  "$schema": "https://schema.management.azure.com/schemas/2015-01-01/deploymentParameters.json#",
  "contentVersion": "1.0.0.0",
  "parameters": {
    "logicAppName": {
      "value": "st-proactivemetering-prod-neu-la-2-vs"
    },
    "sql_1_Connection_Name": {
      "value": "sql-1"
    },
    "sql_1_Connection_DisplayName": {
      "value": "Get Requested Jobs"
    },
    "sql_1_server": {
     "value": "st-proactivemetering-prod-neu-sqlserver.database.windows.net"
    },
    "sql_1_database": {
      "value": "st-proactivemetering-prod-sqldb"
    },
    "sql_1_username": {
      "reference": {
        "keyVault": {
          "id": "/subscriptions/0b731124-849a-49c0-99a8-732f55740893/resourceGroups/st-proactivemetering-prod-neu-rg/providers/Microsoft.KeyVault/vaults/stproactivemprodneukv"
        },
        "secretName": "SA-user-name"
      }
    },
    "sql_1_password": {
      "reference": {
        "keyVault": {
          "id": "/subscriptions/0b731124-849a-49c0-99a8-732f55740893/resourceGroups/st-proactivemetering-prod-neu-rg/providers/Microsoft.KeyVault/vaults/stproactivemprodneukv"
        },
        "secretName": "SA-user-password"
      }
    },
    "sql_1_encryptConnection": {
      "value": true
    },
    "sql_1_privacySetting": {
      "value": "None"
     },
    "sql_1_sqlConnectionString": {
      "metadata": {
        "description": "SQL Connection String"
      },
      "reference": {
        "keyVault": {
          "id": "/subscriptions/0b731124-849a-49c0-99a8-732f55740893/resourceGroups/st-proactivemetering-prod-neu-rg/providers/Microsoft.KeyVault/vaults/stproactivemprodneukv"
        },
        "secretName": "stproactivemprodstor1-constring1"
      }
    },
    "st-proactivemetering-logicapp-prod-custconnector4_1_Connection_Name": {
      "value": "st-proactivemetering-logicapp-prod-custconnector4"
    },
    "st-proactivemetering-logicapp-prod-custconnector4_1_Connection_DisplayName": {
      "value": "Specialcondition-la-gateway"
    },
    "st-proactivemetering-logicapp-prod-custconnector4_1_authType": {
      "value": "none"
      },
    "st-proactivemetering-logicapp-prod-custconnector4_1_gateway_id": {
      "value": "/subscriptions/0b731124-849a-49c0-99a8-732f55740893/resourceGroups/st-logicappgw-prod-neu-rg/providers/Microsoft.Web/connectionGateways/st-logicappgateway-neu"
    }
  
  }
}