{
  "$schema": "https://schema.management.azure.com/schemas/2015-01-01/deploymentTemplate.json#",
  "contentVersion": "1.0.0.0",
  "parameters": {
    "logicAppName": {
      "type": "string",
      "minLength": 1,
      "maxLength": 80,
      "metadata": {
        "description": "Name of the Logic App."
      }
    },
    "logicAppLocation": {
      "type": "string",
      "defaultValue": "[resourceGroup().location]",
      "metadata": {
        "description": "Location of the Logic App."
      }
    },
    "sql_1_Connection_Name": {
      "type": "string",
      "defaultValue": "sql-1"
    },
    "sql_1_Connection_DisplayName": {
      "type": "string",
      "defaultValue": "Get Requested Jobs"
    },
    "sql_1_server": {
      "type": "string"
      },
    "sql_1_database": {
      "type": "string"
      },
    "sql_1_username": {
      "type": "securestring",
      "metadata": {
        "description": "Username credential"
      }
    },
    "sql_1_password": {
      "type": "securestring",
      "metadata": {
        "description": "Password credential"
      }
    },
    "sql_1_encryptConnection": {
      "type": "bool",
      "metadata": {
        "description": "Encrypt Connection"
      },
      "defaultValue": true
    },
    "sql_1_privacySetting": {
      "type": "string",
      "metadata": {
        "description": "Privacy Setting"
      },
      "defaultValue": "None",
      "allowedValues": [
        "None",
        "Private",
        "Organizational",
        "Public"
      ]
    },
    "sql_1_sqlConnectionString": {
      "type": "securestring",
      "metadata": {
        "description": "SQL Connection String"
      }
    },
    "st-proactivemetering-logicapp-prod-custconnector4_1_Connection_Name": {
      "type": "string",
      "defaultValue": "st-proactivemetering-logicapp-prod-custconnector4"
    },
    "st-proactivemetering-logicapp-prod-custconnector4_1_Connection_DisplayName": {
      "type": "string",
      "defaultValue": "Specialcondition-la-gateway"
    },
    "st-proactivemetering-logicapp-prod-custconnector4_1_authType": {
      "type": "string",
      "metadata": {
        "description": "Authentication type to connect to your API"
      },
      "defaultValue": "anonymous",
      "allowedValues": [
        "none"
      ]
    },
    "st-proactivemetering-logicapp-prod-custconnector4_1_gateway_id": {
      "type": "string",
      "defaultValue": "/subscriptions/0b731124-849a-49c0-99a8-732f55740893/resourceGroups/st-logicappgw-prod-neu-rg/providers/Microsoft.Web/connectionGateways/st-logicappgateway-neu"
    }
  },
  "variables": {},
  "resources": [
    {
      "name": "[parameters('logicAppName')]",
      "type": "Microsoft.Logic/workflows",
      "location": "[parameters('logicAppLocation')]",
      "tags": {
        "displayName": "LogicApp"
      },
      "apiVersion": "2016-06-01",
      "properties": {
        "definition": {
          "$schema": "https://schema.management.azure.com/providers/Microsoft.Logic/schemas/2016-06-01/workflowdefinition.json#",
          "actions": {
            "Karaf_For_each_call": {
              "type": "Foreach",
              "foreach": "@body('Special_Condition_Update')?['resultsets']?['Table1']",
              "actions": {
                "Special__Condition_Update": {
                  "type": "If",
                  "expression": {
                    "or": [
                      {
                        "or": [
                          {
                            "equals": [
                              "@items('Karaf_For_each_call')?['Operation_Status']",
                              "SUNR"
                            ]
                          },
                          {
                            "equals": [
                              "@items('Karaf_For_each_call')?['Operation_Status']",
                              "RJTD"
                            ]
                          }
                        ]
                      },
                      {
                        "and": [
                          {
                            "equals": [
                              "@items('Karaf_For_each_call')?['Operation_Status']",
                              "COMP"
                            ]
                          },
                          {
                            "equals": [
                              "@items('Karaf_For_each_call')?['Operation_Status']",
                              "PIAB"
                            ]
                          }
                        ]
                      }
                    ]
                  },
                  "actions": {
                    "KarafAuthLogicApp_ProdConnector4": {
                      "type": "ApiConnection",
                      "inputs": {
                        "host": {
                          "connection": {
                            "name": "@parameters('$connections')['st-proactivemetering-logicapp-prod-custconnector4']['connectionId']"
                          }
                        },
                        "method": "post",
                        "headers": {
                          "x-endpoint-shared-secret": "f5e3c4dd-48d1-439a-a338-3b3ac4c2e788"
                        },
                        "path": "/cxf/specialconditions/property/end",
                        "queries": {
                          "specialCondition": "01PROMETER",
                          "propertyNumber": "@items('Karaf_For_each_call')?['PropertyID']"
                        }
                      },
                      "runAfter": {}
                    }
                  },
                  "runAfter": {}
                }
              },
              "runAfter": {
                "Special_Condition_Update": [
                  "Succeeded"
                ]
              },
              "runtimeConfiguration": {
                "concurrency": {
                  "repetitions": 1
                }
              }
            },
            "Special_Condition_Update": {
              "type": "ApiConnection",
              "inputs": {
                "host": {
                  "connection": {
                    "name": "@parameters('$connections')['sql']['connectionId']"
                  }
                },
                "method": "post",
                "body": {
                  "query": "SELECT T.* , C.PropertyID from [dbo].[TRACK_JOB_PROGRESS] T Join JOB_CREATED C\non C.OrderNumber=Replace(Ltrim(Replace(T.OrderNumber, '0', ' ')), ' ', '0')\nwhere T.Operation ='MPIBD'\nand c.FunctionalLocation=t.FunctionalLocation\nand  CAST(DBInsertionDate AS DATE) = CAST(GETDATE()  AS DATE)"
                },
                "path": "/v2/datasets/@{encodeURIComponent(encodeURIComponent('st-proactivemetering-prod-neu-sqlserver.database.windows.net'))},@{encodeURIComponent(encodeURIComponent('st-proactivemetering-prod-sqldb'))}/query/sql"
              },
              "runAfter": {
                "Status_Variable": [
                  "Succeeded"
                ]
              },
              "runtimeConfiguration": {
                "staticResult": {
                  "staticResultOptions": "Disabled",
                  "name": "Get_Requested_Jobs0"
                }
              }
            },
            "Status_Variable": {
              "type": "InitializeVariable",
              "inputs": {
                "variables": [
                  {
                    "name": "Statuscode",
                    "type": "string"
                  }
                ]
              },
              "runAfter": {}
            }
          },
          "parameters": {
            "$connections": {
              "defaultValue": {},
              "type": "Object"
            }
          },
          "triggers": {
            "Recurrence": {
              "type": "Recurrence",
              "recurrence": {
                "frequency": "Month",
                "interval": 1
              }
            }
          },
          "contentVersion": "1.0.0.0",
          "outputs": {},
          "staticResults": {
            "Get_Requested_Jobs0": {
              "status": "Succeeded",
              "outputs": {
                "headers": {},
                "statusCode": "OK"
              }
            }
          }
        },
        "parameters": {
          "$connections": {
            "value": {
              "st-proactivemetering-logicapp-prod-custconnector4": {
                "id": "[resourceId('Microsoft.Web/customApis', 'st-proactivemetering-logicapp-prod-custconnector4')]",
                "connectionId": "[resourceId('Microsoft.Web/connections', parameters('st-proactivemetering-logicapp-prod-custconnector4_1_Connection_Name'))]",
                "connectionName": "[parameters('st-proactivemetering-logicapp-prod-custconnector4_1_Connection_Name')]"
              },
              "sql": {
                "id": "[concat(subscription().id, '/providers/Microsoft.Web/locations/', parameters('logicAppLocation'), '/managedApis/', 'sql')]",
                "connectionId": "[resourceId('Microsoft.Web/connections', parameters('sql_1_Connection_Name'))]",
                "connectionName": "[parameters('sql_1_Connection_Name')]"
              }
            }
          }
        }
      },
      "dependsOn": [
        "[resourceId('Microsoft.Web/connections', parameters('st-proactivemetering-logicapp-prod-custconnector4_1_Connection_Name'))]",
        "[resourceId('Microsoft.Web/connections', parameters('sql_1_Connection_Name'))]"
      ]
    },
    {
      "type": "MICROSOFT.WEB/CONNECTIONS",
      "apiVersion": "2018-07-01-preview",
      "name": "[parameters('sql_1_Connection_Name')]",
      "location": "[parameters('logicAppLocation')]",
      "properties": {
        "api": {
          "id": "[concat(subscription().id, '/providers/Microsoft.Web/locations/', parameters('logicAppLocation'), '/managedApis/', 'sql')]"
        },
        "displayName": "[parameters('sql_1_Connection_DisplayName')]",
        "parameterValues": {
          "server": "[parameters('sql_1_server')]",
          "database": "[parameters('sql_1_database')]",
          "username": "[parameters('sql_1_username')]",
          "password": "[parameters('sql_1_password')]",
          "encryptConnection": "[parameters('sql_1_encryptConnection')]",
          "privacySetting": "[parameters('sql_1_privacySetting')]",
          "sqlConnectionString": "[parameters('sql_1_sqlConnectionString')]"
        }
      }
    },
    {
      "type": "MICROSOFT.WEB/CONNECTIONS",
      "apiVersion": "2018-07-01-preview",
      "name": "[parameters('st-proactivemetering-logicapp-prod-custconnector4_1_Connection_Name')]",
      "location": "[parameters('logicAppLocation')]",
      "properties": {
        "displayName": "Specialcondition-la-gateway",
        "authenticatedUser": {},
        "statuses": [
          {
            "status": "Connected"
          }
        ],
        "parameterValues": {
          "authType": "anonymous",
          "gateway": {
            "name": "st-logicappgateway-neu",
            "id": "/subscriptions/0b731124-849a-49c0-99a8-732f55740893/resourceGroups/st-logicappgw-prod-neu-rg/providers/Microsoft.Web/connectionGateways/st-logicappgateway-neu",
            "type": "Microsoft.Web/connectionGateways"
          }
        },
        "customParameterValues": {},
        "createdTime": "2021-06-11T10:51:46.1641426Z",
        "changedTime": "2021-06-11T10:51:46.1641426Z",
        "api": {
          "name": "st-proactivemetering-logicapp-prod-custconnector4",
          "displayName": "st-proactivemetering-logicapp-prod-custconnector4",
          "description": "defaultDescription",
          "iconUri": "/Content/retail/assets/default-connection-icon.e6bb72160664a5e37b9923c3d9f50ca5.2.svg",
          "id": "/subscriptions/0b731124-849a-49c0-99a8-732f55740893/resourceGroups/st-proactivemetering-prod-neu-rg/providers/Microsoft.Web/customApis/st-proactivemetering-logicapp-prod-custconnector4",
          "type": "Microsoft.Web/customApis"
        },
        "testLinks": [],
        "testRequests": []
      }
    }
  ],
  "outputs": {}
}