{
  "$schema": "https://schema.management.azure.com/schemas/2015-01-01/deploymentTemplate.json#",
  "contentVersion": "1.0.0.0",
  "parameters": {
    "logicAppName": {
      "type": "string",
      "minLength": 1,
      "maxLength": 80,
      "metadata": {
        "description": "Name of the Logic App."
      }
    },
    "logicAppLocation": {
      "type": "string",
      "defaultValue": "[resourceGroup().location]",
      "allowedValues": [
        "[resourceGroup().location]",
        "eastasia",
        "southeastasia",
        "centralus",
        "eastus",
        "eastus2",
        "westus",
        "northcentralus",
        "southcentralus",
        "northeurope",
        "westeurope",
        "japanwest",
        "japaneast",
        "brazilsouth",
        "australiaeast",
        "australiasoutheast",
        "southindia",
        "centralindia",
        "westindia",
        "canadacentral",
        "canadaeast",
        "uksouth",
        "ukwest",
        "westcentralus",
        "westus2",
        "koreacentral",
        "koreasouth",
        "francecentral",
        "francesouth",
        "uaecentral",
        "uaenorth",
        "southafricanorth",
        "southafricawest",
        "switzerlandnorth",
        "switzerlandwest",
        "germanynorth",
        "germanywestcentral",
        "norwayeast",
        "brazilsoutheast"
      ],
      "metadata": {
        "description": "Location of the Logic App."
      }
    },
    "st-proactivemetering-logicapp-custconnector-createjob_1_Connection_Name": {
      "type": "string",
      "defaultValue": "st-proactivemetering-logicapp-custconnector-createjob"
    },
    "st-proactivemetering-logicapp-custconnector-createjob_1_Connection_DisplayName": {
      "type": "string",
      "defaultValue": "KarafAuthLogicAppCustConnector-CreateJob"
    },
    "st-proactivemetering-logicapp-custconnector-createjob_1_authType": {
      "type": "string",
      "metadata": {
        "description": "Authentication type to connect to your API"
      },
      "defaultValue": "anonymous",
      "allowedValues": [
        "none"
      ]
    },
    "st-proactivemetering-logicapp-custconnector-createjob_1_gateway_id": {
      "type": "string",
      "defaultValue": "/subscriptions/0b731124-849a-49c0-99a8-732f55740893/resourceGroups/st-logicappgw-prod-neu-rg/providers/Microsoft.Web/connectionGateways/st-logicappgateway-neu"
    },
    "sql_1_Connection_Name": {
      "type": "string",
      "defaultValue": "sql-1"
    },
    "sql_1_Connection_DisplayName": {
      "type": "string",
      "defaultValue": "Get Requested Jobs"
    },
    "sql_1_server": {
      "type": "string",
      "metadata": {
        "description": "SQL server name"
      },
      "defaultValue": "st-proactivemetering-prod-neu-sqlserver.database.windows.net"
    },
    "sql_1_database": {
      "type": "string",
      "metadata": {
        "description": "SQL database name"
      },
      "defaultValue": "st-proactivemetering-prod-sqldb"
    },
    "sql_1_username": {
      "type": "securestring",
      "metadata": {
        "description": "Username credential"
      }
    },
    "sql_1_password": {
      "type": "securestring",
      "metadata": {
        "description": "Password credential"
      }
    },
    "sql_1_encryptConnection": {
      "type": "bool",
      "metadata": {
        "description": "Encrypt Connection"
      },
      "defaultValue": true
    },
    "sql_1_privacySetting": {
      "type": "string",
      "metadata": {
        "description": "Privacy Setting"
      },
      "defaultValue": "None",
      "allowedValues": [
        "None",
        "Private",
        "Organizational",
        "Public"
      ]
    },
    "sql_1_sqlConnectionString": {
      "type": "securestring",
      "metadata": {
        "description": "SQL Connection String"
      }
    },
    "keyvault_1_Connection_Name": {
      "type": "string",
      "defaultValue": "keyvault"
    },
    "keyvault_1_Connection_DisplayName": {
      "type": "string",
      "defaultValue": "Sharanabasava.Gidadmani@severntrent.co.uk"
    },
    "keyvault_1_vaultName": {
      "type": "string",
      "metadata": {
        "description": "Name of the vault"
      },
      "defaultValue": "Job Code Value"
    }
  },
  "variables": {},
  "resources": [
    {
      "name": "[parameters('logicAppName')]",
      "type": "Microsoft.Logic/workflows",
      "location": "[parameters('logicAppLocation')]",
      "tags": {
        "displayName": "LogicApp"
      },
      "apiVersion": "2016-06-01",
      "properties": {
        "definition": {
          "$schema": "https://schema.management.azure.com/providers/Microsoft.Logic/schemas/2016-06-01/workflowdefinition.json#",
          "actions": {
            "Get_Requested_Jobs": {
              "type": "ApiConnection",
              "inputs": {
                "host": {
                  "connection": {
                    "name": "@parameters('$connections')['sql']['connectionId']"
                  }
                },
                "method": "post",
                "body": {
                  "query": "Select top @{body('Job_Limit_Value')?['value']}  R.* from [dbo].[JOB_REQUESTED] R \nWHERE R.Job_Requeated='Y'\nAND R.PropertyID not in \n (select C.PropertyID FROM [dbo].[JOB_CREATED] C) \n  AND R.FunctionalLocation not in\n  (select FunctionalLocation from INITIAL_DATA_LOAD WHERE ([RemovedFromPlan] = 'Y')) \n    ORDER BY Job_Requeated_Date"
                },
                "path": "/v2/datasets/@{encodeURIComponent(encodeURIComponent('st-proactivemetering-preprod-neu-sqlserver.database.windows.net'))},@{encodeURIComponent(encodeURIComponent('st-proactivemetering-preprod-sqldb'))}/query/sql"
              },
              "runAfter": {
                "Job_Trigger_var": [
                  "Succeeded"
                ]
              },
              "runtimeConfiguration": {
                "staticResult": {
                  "staticResultOptions": "Disabled",
                  "name": "Get_Requested_Jobs0"
                }
              }
            },
            "Job_Code_Value": {
              "type": "ApiConnection",
              "inputs": {
                "host": {
                  "connection": {
                    "name": "@parameters('$connections')['keyvault']['connectionId']"
                  }
                },
                "method": "get",
                "path": "/secrets/@{encodeURIComponent('jobcode-creation')}/value"
              },
              "runAfter": {
                "Status_Variable": [
                  "Succeeded"
                ]
              }
            },
            "Job_Limit_Value": {
              "type": "ApiConnection",
              "inputs": {
                "host": {
                  "connection": {
                    "name": "@parameters('$connections')['keyvault']['connectionId']"
                  }
                },
                "method": "get",
                "path": "/secrets/@{encodeURIComponent('dailyjoblimit')}/value"
              },
              "runAfter": {
                "Job_Code_Value": [
                  "Succeeded"
                ]
              }
            },
            "Job_Trigger_var": {
              "type": "InitializeVariable",
              "inputs": {
                "variables": [
                  {
                    "name": "JobTriggerTime",
                    "type": "string"
                  }
                ]
              },
              "runAfter": {
                "Job_Limit_Value": [
                  "Succeeded"
                ]
              }
            },
            "Karaf_For_each_call": {
              "type": "Foreach",
              "foreach": "@body('Get_Requested_Jobs')?['resultsets']?['Table1']",
              "actions": {
                "JobTriggerTime_Set": {
                  "type": "SetVariable",
                  "inputs": {
                    "name": "JobTriggerTime",
                    "value": "@{convertFromUtc(utcNow(),'GMT Standard Time','yyyy-MM-dd HH:mm:ss.fff')}"
                  },
                  "runAfter": {}
                },
                "Job_Creation_Condition": {
                  "type": "If",
                  "expression": {
                    "and": [
                      {
                        "equals": [
                          "@variables('Statuscode')",
                          "@trim('200')"
                        ]
                      }
                    ]
                  },
                  "actions": {
                    "Insert_Job_Created_on_Success": {
                      "type": "ApiConnection",
                      "inputs": {
                        "host": {
                          "connection": {
                            "name": "@parameters('$connections')['sql']['connectionId']"
                          }
                        },
                        "method": "post",
                        "body": {
                          "FunctionalLocation": "@{items('Karaf_For_each_call')?['FunctionalLocation']}",
                          "PropertyID": "@{items('Karaf_For_each_call')?['PropertyID']}",
                          "Job_Created": "Y",
                          "Job_Created_Date": "@variables('JobTriggerTime')",
                          "OrderNumber": "@body('Parse_JSON')?['WorkOrderId']",
                          "Job_Trigger_Time": "@variables('JobTriggerTime')"
                        },
                        "path": "/v2/datasets/@{encodeURIComponent(encodeURIComponent('st-proactivemetering-prod-neu-sqlserver.database.windows.net'))},@{encodeURIComponent(encodeURIComponent('st-proactivemetering-prod-sqldb'))}/tables/@{encodeURIComponent(encodeURIComponent('[dbo].[JOB_CREATED]'))}/items"
                      },
                      "runAfter": {
                        "Parse_JSON": [
                          "Succeeded"
                        ]
                      }
                    },
                    "Parse_JSON": {
                      "type": "ParseJson",
                      "inputs": {
                        "content": "@body('KarafAuthLogicAppCustConnector-CreateJob')",
                        "schema": {
                          "properties": {
                            "CodeGroup": {
                              "type": "string"
                            },
                            "FlocId": {
                              "type": "string"
                            },
                            "JobCode": {
                              "type": "string"
                            },
                            "Notes": {
                              "type": "string"
                            },
                            "NotificationContactName": {
                              "type": "string"
                            },
                            "NotificationContactNumber": {
                              "type": "string"
                            },
                            "NotificationType": {
                              "type": "string"
                            },
                            "ServiceNotificationId": {
                              "type": "string"
                            },
                            "Status": {
                              "type": "string"
                            },
                            "TargetServiceOrder": {
                              "type": "string"
                            },
                            "WorkOrderId": {
                              "type": "string"
                            },
                            "WorkOrderType": {
                              "type": "string"
                            }
                          },
                          "type": "object"
                        }
                      },
                      "runAfter": {}
                    }
                  },
                  "runAfter": {
                    "Set_variable": [
                      "Succeeded",
                      "Failed"
                    ]
                  },
                  "else": {
                    "actions": {
                      "Delay": {
                        "type": "Wait",
                        "inputs": {
                          "interval": {
                            "count": "@body('delayjobcreationfailure')?['value']",
                            "unit": "Second"
                          }
                        },
                        "runAfter": {
                          "delayjobcreationfailure": [
                            "Succeeded"
                          ]
                        }
                      },
                      "Job_Creation_Failure_Condition_": {
                        "type": "If",
                        "expression": {
                          "and": [
                            {
                              "equals": [
                                "@variables('Statuscode')",
                                "@trim('400')"
                              ]
                            }
                          ]
                        },
                        "actions": {
                          "For_each": {
                            "type": "Foreach",
                            "foreach": "@body('Parse_JSON_for_Job_Errorcode')?['ResultSets']?['Table1']",
                            "actions": {
                              "Condition": {
                                "type": "If",
                                "expression": {
                                  "and": [
                                    {
                                      "greater": [
                                        "@items('For_each')?['Errorcount']",
                                        0
                                      ]
                                    }
                                  ]
                                },
                                "actions": {
                                  "Insert_Job_details_on_Failure_with_code": {
                                    "type": "ApiConnection",
                                    "inputs": {
                                      "host": {
                                        "connection": {
                                          "name": "@parameters('$connections')['sql']['connectionId']"
                                        }
                                      },
                                      "method": "post",
                                      "body": {
                                        "FunctionalLocation": "@items('Karaf_For_each_call')?['FunctionalLocation']",
                                        "PropertyID": "@items('Karaf_For_each_call')?['PropertyID']",
                                        "Job_Created": "Y",
                                        "Job_Created_Date": "@variables('JobTriggerTime')",
                                        "OrderNumber": "@body('Parse_JSON_for_Failure')?['details']?['serviceNotification']?['WorkOrderId']",
                                        "ErrorCode": "@body('Parse_JSON_for_Failure')?['code']",
                                        "ErrorDescription": "@body('Parse_JSON_for_Failure')?['description']",
                                        "Job_Trigger_Time": "@variables('JobTriggerTime')",
                                        "Detail_Error_Description": "@body('Parse_JSON_for_Failure')?['details']?['cause']"
                                      },
                                      "path": "/v2/datasets/@{encodeURIComponent(encodeURIComponent('st-proactivemetering-prod-neu-sqlserver.database.windows.net'))},@{encodeURIComponent(encodeURIComponent('st-proactivemetering-prod-sqldb'))}/tables/@{encodeURIComponent(encodeURIComponent('[dbo].[JOB_CREATED]'))}/items"
                                    },
                                    "runAfter": {}
                                  }
                                },
                                "runAfter": {},
                                "else": {
                                  "actions": {
                                    "Insert_Job_details_on_Failure_without_code": {
                                      "type": "ApiConnection",
                                      "inputs": {
                                        "host": {
                                          "connection": {
                                            "name": "@parameters('$connections')['sql']['connectionId']"
                                          }
                                        },
                                        "method": "post",
                                        "body": {
                                          "FunctionalLocation": "@items('Karaf_For_each_call')?['FunctionalLocation']",
                                          "PropertyID": "@items('Karaf_For_each_call')?['PropertyID']",
                                          "Job_Created": "Y",
                                          "Job_Created_Date": "@variables('JobTriggerTime')",
                                          "OrderNumber": "@body('Parse_JSON_for_Failure')?['details']?['serviceNotification']?['WorkOrderId']",
                                          "ErrorDescription": "@body('Parse_JSON_for_Failure')?['description']",
                                          "Job_Trigger_Time": "@variables('JobTriggerTime')",
                                          "Detail_Error_Description": "@body('Parse_JSON_for_Failure')?['details']?['cause']"
                                        },
                                        "path": "/v2/datasets/@{encodeURIComponent(encodeURIComponent('st-proactivemetering-prod-neu-sqlserver.database.windows.net'))},@{encodeURIComponent(encodeURIComponent('st-proactivemetering-prod-sqldb'))}/tables/@{encodeURIComponent(encodeURIComponent('[dbo].[JOB_CREATED]'))}/items"
                                      },
                                      "runAfter": {}
                                    }
                                  }
                                }
                              }
                            },
                            "runAfter": {
                              "Parse_JSON_for_Job_Errorcode": [
                                "Succeeded"
                              ]
                            }
                          },
                          "Job_Error_SQL_": {
                            "type": "ApiConnection",
                            "inputs": {
                              "host": {
                                "connection": {
                                  "name": "@parameters('$connections')['sql']['connectionId']"
                                }
                              },
                              "method": "post",
                              "body": {
                                "query": "select count(*) Errorcount from [dbo].[JOB_FAILURE_LOOKUP] where ErrorCode=@{body('Parse_JSON_for_Failure')?['code']}"
                              },
                              "path": "/v2/datasets/@{encodeURIComponent(encodeURIComponent('st-proactivemetering-prod-neu-sqlserver.database.windows.net'))},@{encodeURIComponent(encodeURIComponent('st-proactivemetering-prod-sqldb'))}/query/sql"
                            },
                            "runAfter": {
                              "Parse_JSON_for_Failure": [
                                "Succeeded"
                              ]
                            }
                          },
                          "Parse_JSON_for_Failure": {
                            "type": "ParseJson",
                            "inputs": {
                              "content": "@body('KarafAuthLogicAppCustConnector-CreateJob')",
                              "schema": {
                                "properties": {
                                  "category": {
                                    "type": "string"
                                  },
                                  "code": {
                                    "type": "string"
                                  },
                                  "description": {
                                    "type": "string"
                                  },
                                  "details": {
                                    "properties": {
                                      "cause": {
                                        "type": "string"
                                      },
                                      "serviceNotification": {
                                        "properties": {
                                          "CodeGroup": {
                                            "type": "string"
                                          },
                                          "CompletionFlag": {
                                            "type": "boolean"
                                          },
                                          "FlocId": {
                                            "type": "string"
                                          },
                                          "JobCode": {
                                            "type": "string"
                                          },
                                          "Notes": {
                                            "type": "string"
                                          },
                                          "NotificationContactName": {
                                            "type": "string"
                                          },
                                          "NotificationContactNumber": {
                                            "type": "string"
                                          },
                                          "NotificationType": {
                                            "type": "string"
                                          },
                                          "ServiceNotificationId": {
                                            "type": "string"
                                          },
                                          "Status": {
                                            "type": "string"
                                          },
                                          "TargetServiceOrder": {
                                            "type": "string"
                                          },
                                          "WorkCentreNumber": {
                                            "type": "string"
                                          },
                                          "WorkOrderId": {
                                            "type": "string"
                                          },
                                          "WorkOrderType": {
                                            "type": "string"
                                          }
                                        },
                                        "type": "object"
                                      }
                                    },
                                    "type": "object"
                                  }
                                },
                                "type": "object"
                              }
                            },
                            "runAfter": {}
                          },
                          "Parse_JSON_for_Job_Errorcode": {
                            "type": "ParseJson",
                            "inputs": {
                              "content": "@body('Job_Error_SQL_')",
                              "schema": {
                                "properties": {
                                  "OutputParameters": {
                                    "properties": {},
                                    "type": "object"
                                  },
                                  "ResultSets": {
                                    "properties": {
                                      "Table1": {
                                        "items": {
                                          "properties": {
                                            "Errorcount": {
                                              "type": "integer"
                                            }
                                          },
                                          "required": [
                                            "Errorcount"
                                          ],
                                          "type": "object"
                                        },
                                        "type": "array"
                                      }
                                    },
                                    "type": "object"
                                  }
                                },
                                "type": "object"
                              }
                            },
                            "runAfter": {
                              "Job_Error_SQL_": [
                                "Succeeded"
                              ]
                            }
                          }
                        },
                        "runAfter": {},
                        "else": {
                          "actions": {
                            "Job_failure_other_errors": {
                              "type": "ApiConnection",
                              "inputs": {
                                "host": {
                                  "connection": {
                                    "name": "@parameters('$connections')['sql']['connectionId']"
                                  }
                                },
                                "method": "post",
                                "body": {
                                  "FunctionalLocation": "@items('Karaf_For_each_call')?['FunctionalLocation']",
                                  "PropertyID": "@items('Karaf_For_each_call')?['PropertyID']",
                                  "ErrorCode": "@variables('Statuscode')",
                                  "Job_Trigger_Time": "@variables('JobTriggerTime')"
                                },
                                "path": "/v2/datasets/@{encodeURIComponent(encodeURIComponent('st-proactivemetering-prod-neu-sqlserver.database.windows.net'))},@{encodeURIComponent(encodeURIComponent('st-proactivemetering-prod-sqldb'))}/tables/@{encodeURIComponent(encodeURIComponent('[dbo].[JOB_CREATED]'))}/items"
                              },
                              "runAfter": {}
                            }
                          }
                        }
                      },
                      "delayjobcreationfailure": {
                        "type": "ApiConnection",
                        "inputs": {
                          "host": {
                            "connection": {
                              "name": "@parameters('$connections')['keyvault']['connectionId']"
                            }
                          },
                          "method": "get",
                          "path": "/secrets/@{encodeURIComponent('delayjobcreationfailure')}/value"
                        },
                        "runAfter": {
                          "Job_Creation_Failure_Condition_": [
                            "Succeeded"
                          ]
                        }
                      }
                    }
                  }
                },
                "KarafAuthLogicAppCustConnector-CreateJob": {
                  "type": "ApiConnection",
                  "inputs": {
                    "host": {
                      "connection": {
                        "name": "@parameters('$connections')['st-proactivemetering-logicapp-custconnector-createjob']['connectionId']"
                      }
                    },
                    "method": "post",
                    "body": {
                      "codeGroup": "MEPRMI",
                      "flocId": "@{items('Karaf_For_each_call')?['FunctionalLocation']}",
                      "jobCode": "@{body('Job_Code_Value')?['value']}",
                      "notificationType": "Z6",
                      "propertyId": "@{items('Karaf_For_each_call')?['PropertyID']}"
                    },
                    "headers": {
                      "x-endpoint-shared-secret": "f5e3c4dd-48d1-439a-a338-3b3ac4c2e788"
                    },
                    "path": "/cxf/job-booking/meter-jobs"
                  },
                  "runAfter": {
                    "JobTriggerTime_Set": [
                      "Succeeded"
                    ]
                  }
                },
                "Set_variable": {
                  "type": "SetVariable",
                  "inputs": {
                    "name": "Statuscode",
                    "value": "@{outputs('KarafAuthLogicAppCustConnector-CreateJob')['statusCode']}"
                  },
                  "runAfter": {
                    "KarafAuthLogicAppCustConnector-CreateJob": [
                      "Succeeded",
                      "Failed"
                    ]
                  }
                }
              },
              "runAfter": {
                "Get_Requested_Jobs": [
                  "Succeeded"
                ]
              },
              "runtimeConfiguration": {
                "concurrency": {
                  "repetitions": 1
                }
              }
            },
            "Status_Variable": {
              "type": "InitializeVariable",
              "inputs": {
                "variables": [
                  {
                    "name": "Statuscode",
                    "type": "string"
                  }
                ]
              },
              "runAfter": {}
            }
          },
          "parameters": {
            "$connections": {
              "defaultValue": {},
              "type": "Object"
            }
          },
          "triggers": {
            "Recurrence": {
              "type": "Recurrence",
              "recurrence": {
                "frequency": "Month",
                "interval": 1,
                "timeZone": "GMT Standard Time",
                "startTime": "2021-05-17T07:00:00Z"
              }
            }
          },
          "contentVersion": "1.0.0.0",
          "outputs": {},
          "staticResults": {
            "Get_Requested_Jobs0": {
              "status": "Succeeded",
              "outputs": {
                "headers": {},
                "statusCode": "OK"
              }
            }
          }
        },
        "parameters": {
          "$connections": {
            "value": {
              "sql": {
                "id": "[concat(subscription().id, '/providers/Microsoft.Web/locations/', parameters('logicAppLocation'), '/managedApis/', 'sql')]",
                "connectionId": "[resourceId('Microsoft.Web/connections', parameters('sql_1_Connection_Name'))]",
                "connectionName": "[parameters('sql_1_Connection_Name')]"
              },
              "keyvault": {
                "id": "[concat(subscription().id, '/providers/Microsoft.Web/locations/', parameters('logicAppLocation'), '/managedApis/', 'keyvault')]",
                "connectionId": "[resourceId('Microsoft.Web/connections', parameters('keyvault_1_Connection_Name'))]",
                "connectionName": "[parameters('keyvault_1_Connection_Name')]"
              },
              "st-proactivemetering-logicapp-custconnector-createjob": {
                "id": "[resourceId('Microsoft.Web/customApis', 'st-proactivemetering-logicapp-custconnector-createjob')]",
                "connectionId": "[resourceId('Microsoft.Web/connections', parameters('st-proactivemetering-logicapp-custconnector-createjob_1_Connection_Name'))]",
                "connectionName": "[parameters('st-proactivemetering-logicapp-custconnector-createjob_1_Connection_Name')]"
              }
            }
          }
        }
      },
      "dependsOn": [
        "[resourceId('Microsoft.Web/connections', parameters('sql_1_Connection_Name'))]",
        "[resourceId('Microsoft.Web/connections', parameters('keyvault_1_Connection_Name'))]",
        "[resourceId('Microsoft.Web/connections', parameters('st-proactivemetering-logicapp-custconnector-createjob_1_Connection_Name'))]"
      ]
    },
    {
      "type": "MICROSOFT.WEB/CONNECTIONS",
      "apiVersion": "2018-07-01-preview",
      "name": "[parameters('st-proactivemetering-logicapp-custconnector-createjob_1_Connection_Name')]",
      "location": "[parameters('logicAppLocation')]",
      "properties": {
        "displayName": "KarafAuthLogicAppCustConnector-CreateJob",
        "authenticatedUser": {},
        "statuses": [
          {
            "status": "Connected"
          }
        ],
        "parameterValues": {
          "authType": "anonymous",
          "gateway": {
            "name": "st-logicappgateway-neu",
            "id": "/subscriptions/0b731124-849a-49c0-99a8-732f55740893/resourceGroups/st-logicappgw-prod-neu-rg/providers/Microsoft.Web/connectionGateways/st-logicappgateway-neu",
            "type": "Microsoft.Web/connectionGateways"
          }
        },
        "customParameterValues": {},
        "createdTime": "2021-06-17T19:09:09.4554429Z",
        "changedTime": "2021-06-17T19:09:09.4554429Z",
        "api": {
          "name": "st-proactivemetering-logicapp-custconnector-createjob",
          "displayName": "st-proactivemetering-logicapp-custconnector-createjob",
          "description": "defaultDescription",
          "iconUri": "/Content/retail/assets/default-connection-icon.e6bb72160664a5e37b9923c3d9f50ca5.2.svg",
          "id": "/subscriptions/0b731124-849a-49c0-99a8-732f55740893/resourceGroups/st-proactivemetering-prod-neu-rg/providers/Microsoft.Web/customApis/st-proactivemetering-logicapp-custconnector-createjob",
          "type": "Microsoft.Web/customApis"
        },
        "testLinks": [],
        "testRequests": []
      }
    },
    {
      "type": "MICROSOFT.WEB/CONNECTIONS",
      "apiVersion": "2018-07-01-preview",
      "name": "[parameters('sql_1_Connection_Name')]",
      "location": "[parameters('logicAppLocation')]",
      "properties": {
        "api": {
          "id": "[concat(subscription().id, '/providers/Microsoft.Web/locations/', parameters('logicAppLocation'), '/managedApis/', 'sql')]"
        },
        "displayName": "[parameters('sql_1_Connection_DisplayName')]",
        "parameterValues": {
          "server": "[parameters('sql_1_server')]",
          "database": "[parameters('sql_1_database')]",
          "username": "[parameters('sql_1_username')]",
          "password": "[parameters('sql_1_password')]",
          "encryptConnection": "[parameters('sql_1_encryptConnection')]",
          "privacySetting": "[parameters('sql_1_privacySetting')]",
          "sqlConnectionString": "[parameters('sql_1_sqlConnectionString')]"
        }
      }
    },
    {
      "type": "MICROSOFT.WEB/CONNECTIONS",
      "apiVersion": "2018-07-01-preview",
      "name": "[parameters('keyvault_1_Connection_Name')]",
      "location": "[parameters('logicAppLocation')]",
      "properties": {
        "api": {
          "id": "[concat(subscription().id, '/providers/Microsoft.Web/locations/', parameters('logicAppLocation'), '/managedApis/', 'keyvault')]"
        },
        "displayName": "[parameters('keyvault_1_Connection_DisplayName')]",
        "nonSecretParameterValues": {
          "vaultName": "[parameters('keyvault_1_vaultName')]"
        }
      }
    }
  ],
  "outputs": {}
}