{
  "$schema": "https://schema.management.azure.com/schemas/2015-01-01/deploymentParameters.json#",
  "contentVersion": "1.0.0.0",
  "parameters": {
    "logicAppName": {
      "value": "st-proactivemetering-preprod-neu-la-1-vs"
    },
    "sql_1_server": {
      "value": "st-proactivemetering-preprod-neu-sqlserver.database.windows.net"
    },
    "st-proactivemetering-logicapp-custconnector-createjob_1_authType": {
      "value": "none"
    },
    "st-proactivemetering-logicapp-custconnector-createjob_1_Connection_Name": {
      "value": "st-proactivemetering-logicapp-custconnector-createjob"
    },
    "st-proactivemetering-logicapp-custconnector-createjob_1_Connection_DisplayName": {
      "value": "KarafAuthLogicAppCustConnector-CreateJob"
    },
    "st-proactivemetering-logicapp-custconnector-createjob_1_gateway_id": {
      "value": "/subscriptions/0b731124-849a-49c0-99a8-732f55740893/resourceGroups/st-logicappgw-prod-neu-rg/providers/Microsoft.Web/connectionGateways/st-logicappgateway-neu"
    },
    "sql_1_username": {
      "reference": {
        "keyVault": {
          "id": "/subscriptions/39145e23-d044-41c8-a83d-4bab22cc8f5d/resourceGroups/st-proactivemetering-preprod-neu-rg/providers/Microsoft.KeyVault/vaults/stproactivempreprodneukv"
        },
        "secretName": "SA-user-name"
      }
    },
    "sql_1_password": {
      "reference": {
        "keyVault": {
          "id": "/subscriptions/39145e23-d044-41c8-a83d-4bab22cc8f5d/resourceGroups/st-proactivemetering-preprod-neu-rg/providers/Microsoft.KeyVault/vaults/stproactivempreprodneukv"
        },
        "secretName": "SA-user-password"
      }
    },
    "sql_1_sqlConnectionString": {
      "reference": {
        "keyVault": {
          "id": "/subscriptions/39145e23-d044-41c8-a83d-4bab22cc8f5d/resourceGroups/st-proactivemetering-preprod-neu-rg/providers/Microsoft.KeyVault/vaults/stproactivempreprodneukv"
        },
        "secretName": "stproactivempreprodstor1-constring1"
      }
    },
    "sql_1_encryptConnection": {
      "value": false
    }
  }
}